Framework,Generated_tokens,Inference_time,Tokens/sec,Question,Answer
hf-bnb-nf4bit,404,67.93,5.95,대한민국의 총 면적은 얼마인가요?,"대한민국의 총 면적은 얼마인가요?대한민국의 총 면적은 100,210㎢로 세계 109위입니다. 한반도의 면적은 221,00㎢로 세계 110위입니다. 대한민국의 총 인구는 얼마인가요?대한민국의 총 인구는 51,800,00명으로 세계 27위입니다. 한반도의 인구는 75,00,00명으로 세계 18위입니다. 대한민국의 수도는 어디인가요?대한민국의 수도는 서울입니다. 서울의 면적은 605.25㎢입니다. 서울의 인구는 10,300,00명입니다. 한반도의 수도는 서울입니다. 서울의 면적은 605.25㎢입니다. 서울의 인구는 10,300,00명입니다. 대한민국의 주요 도시는 어디인가요?대한민국의 주요 도시는 서울, 부산, 대구, 인천, 광주, 대전, 울산, 경기, 강원, 충북, 충남, 전북, 전남, 경북, 경남, 제주입니다. 대한민국의 주요 도시는 서울, 부산, 대구, 인천, 광주, 대전, 울산, 경기, 강원, 충북, 충남, 전북, 전남, 경북, 경남, 제주입니다. 한반도의 주요 도시는 서울, 부산, 대구, 인천, 광주, 대전, 울산, 경기, 강원, 충북, 충남, 전북, 전남, 경북, 경남, 제주입니다. 한반도의 주요 도시는 서울, 부산, 대구, 인천, 광주, 대전, 울산, 경기, 강원, 충북, 충남, 전북, 전남, 경북, 경남, 제주입니다. 대한민국의 주요 종교는 무엇인가요?대한민국의 주요 종교는 기독교, 불교, 천주교입니다. 대한민국의 주요 종교는 기독교, 불교, 천주교입니다. 한반도의 주요 종교는 무엇인가요?한반도의 주요 종교는 기독교, 불교, 천주교입니다. 한반"
hf-bnb-nf4bit,410,66.5,6.17,어느 대륙에 대한민국이 위치하고 있나요?,어느 대륙에 대한민국이 위치하고 있나요? 1. 아시아 2. 유럽 3. 아프리카 4. 오세아니아 5. 북아메리카 6. 남아메리카 7. 남극 8. 북극 9. 태평양 10. 대서양 11. 인도양 12. 북극해 13. 지중해 14. 발트해 15. 카스피해 16. 흑해 17. 홍해 18. 아라비아해 19. 페르시아만 20. 동중국해 21. 서중국해 22. 남중국해 23. 오호츠크해 24. 베링해 25. 발트해 26. 카스피해 27. 흑해 28. 홍해 29. 아라비아해 30. 페르시아만 31. 동중국해 32. 서중국해 33. 남중국해 34. 오호츠크해 35. 베링해 36. 발트해 37. 카스피해 38. 흑해 39. 홍해 40. 아라비아해 41. 페르시아만 42. 동중국해 43. 서중국해 44. 남중국해 45. 오호츠크해 46. 베링해 47. 발트해 48. 카스피해 49. 흑해 50. 홍해 51. 아라비아해 52. 페르시아만 53. 동중국해 54. 서중국해 55. 남중국해 56. 오호츠크해 57. 베링해 58. 발트해 59.
hf-bnb-nf4bit,390,66.59,5.86,천문학에서 '좀비 별'이란 무엇인가요?,천문학에서 '좀비 별'이란 무엇인가요?좀비 별은 죽은 별을 말합니다. 죽은 별은 더 이상 빛을 내지 못하기 때문에 죽은 별로 불립니다. 죽은 별은 더 이상 빛을 내지 못하기 때문에 죽은 별로 불립니다. 죽은 별은 더 이상 빛을 내지 못하기 때문에 죽은 별로 불립니다. 죽은 별은 더 이상 빛을 내지 못하기 때문에 죽은 별로 불립니다. 죽은 별은 더 이상 빛을 내지 못하기 때문에 죽은 별로 불립니다. 죽은 별은 더 이상 빛을 내지 못하기 때문에 죽은 별로 불립니다. 죽은 별은 더 이상 빛을 내지 못하기 때문에 죽은 별로 불립니다. 죽은 별은 더 이상 빛을 내지 못하기 때문에 죽은 별로 불립니다. 죽은 별은 더 이상 빛을 내지 못하기 때문에 죽은 별로 불립니다. 죽은 별은 더 이상 빛을 내지 못하기 때문에 죽은 별로 불립니다. 죽은 별은 더 이상 빛을 내지 못하기 때문에 죽은 별로 불립니다. 죽은 별은 더 이상 빛을 내지 못하기 때문에 죽은 별로 불립니다. 죽은 별은 더 이상 빛을 내지 못하기 때문에 죽은 별로 불립니다. 죽은 별은 더 이상 빛을 내지 못하기 때문에 죽은 별로 불립니다. 죽은 별은 더 이상 빛을 내지 못하기 때문에 죽은 별로 불립니다. 죽은 별은 더 이상 빛을 내지 못하기 때문에 죽은 별로 불립니다. 죽은 별은 더 이상 빛을 내지 못하기 때문에 죽은 별로 불립니다. 죽은 별은 더 이상 빛을 내지 못하기 때문에 죽은 별로 불립니다. 죽은 별은 더 이상 빛을 내지 못하기 때문에 죽은 별로 불립니다. 죽은 별은 더 이상 빛을 내지 못하기 때문에 죽은 별로 불립니다. 죽은 별은 더 이상 빛을 내지 못하기 때문에 죽은 별로 불립니다. 죽은 별은 더 이상 빛을 내지 못하기 때문에 죽은 별로 불립니다. 죽은 별은 더 이상 빛을 내지 못하기 때문에 죽은 별로 불립니다
hf-bnb-nf4bit,419,66.59,6.29,인류 역사상 가장 중요한 사건을 목격하려고 하는 시간 여행 역사학자에 대한 이야기를 써보세요.,"인류 역사상 가장 중요한 사건을 목격하려고 하는 시간 여행 역사학자에 대한 이야기를 써보세요. 역사학자는 누구이며, 어떤 사건을 목격하려고 할까요? 역사학자는 누구이며, 어떤 사건을 목격하려고 할까요? 역사학자는 누구이며, 어떤 사건을 목격하려고 할까요? 역사학자는 누구이며, 어떤 사건을 목격하려고 할까요? 역사학자는 누구이며, 어떤 사건을 목격하려고 할까요? 역사학자는 누구이며, 어떤 사건을 목격하려고 할까요? 역사학자는 누구이며, 어떤 사건을 목격하려고 할까요? 역사학자는 누구이며, 어떤 사건을 목격하려고 할까요? 역사학자는 누구이며, 어떤 사건을 목격하려고 할까요? 역사학자는 누구이며, 어떤 사건을 목격하려고 할까요? 역사학자는 누구이며, 어떤 사건을 목격하려고 할까요? 역사학자는 누구이며, 어떤 사건을 목격하려고 할까요? 역사학자는 누구이며, 어떤 사건을 목격하려고 할까요? 역사학자는 누구이며, 어떤 사건을 목격하려고 할까요? 역사학자는 누구이며, 어떤 사건을 목격하려고 할까요? 역사학자는 누구이며, 어떤 사건을 목격하려고 할까요? 역사학자는 누구이며, 어떤 사건을 목격하려고 할까요? 역사학자는 누구이며, 어떤 사건을 목격하려고 할까요? 역사학자는 누구이며, 어떤 사건을 목격하려고 할까요? 역사학자는 누구이며, 어떤 사건을 목격하려고 할까요? 역사학자는 누구이며, 어떤 사건을 목격하려고 할까요? 역사학자는 누구이며, 어떤 사건을 목격하려고 할까요? 역사학자는 누구이며, 어떤 사건을 목격하려고 할까요? 역사학자는 누구이며, 어떤 사건을 목격하려고 할까요? 역사학자는 누구이며, 어떤 사건을 목격하려고 할까요? 역사학자는 누구이며, 어떤 사건을 목격하려고 할까요? 역사학자는 누구이며, 어떤 사건을 목격하려고 할까요? 역사학자는 누구이며, 어떤 사건을 목격하려고 할까요? 역사학자는 누구이며, 어떤 사건을 목격하려고 할까요? 역사학자는 누구이며, 어떤 사건을 목격하려고 할까요? 역사학자는 누구이며, 어떤 사건을 목격하려고"
hf-bnb-nf4bit,417,66.47,6.27,전문 요원이자 전업 가정부인 사람의 하루를 묘사해주세요.,전문 요원이자 전업 가정부인 사람의 하루를 묘사해주세요.​​​​​​​​​​​​​​​​​​​​​​​​​​​​​​​​​​​​​​​​​​​​​​​​​​​​​​​​​​​​​​​​​​​​​​​​​​​​​​​​​​​​​​​​​​​​​​​​​​​​​​​​​​​​​​​​​​​​​​​​​​​​​​​​​​​​​​​​​​​​​​​​​​​​​​​​​​​​​​​​​​​​​​​​​​​​​​​​​​​​​​​​​​​​​​​​​​​​​​​​​​​​​​​​​​​​​​​​​​​​​​​​​​​​​​​​​​​​​​​​​​​​​​​​​​​​​​​​​​​​​​​​​​​​​​​​​​​​​​​​​​​​​​​​​​​​​​​​​​​​​​​​​​​​​​​​​​​​​​​​​​​​​​​​​​​​​​​​​​​​​​​​​​​​​​​​​​​​​​​​​​​​​​​​​​​​​​​​​​​​​​​​​​​​​​​​​​​​​​​​
hf-bnb-nf4bit,419,66.65,6.29,"기술의 발전, 환경 변화, 사회적 변화를 고려하여 미래 도시를 묘사해주세요.","기술의 발전, 환경 변화, 사회적 변화를 고려하여 미래 도시를 묘사해주세요.​​​​​​​​​​​​​​​​​​​​​​​​​​​​​​​​​​​​​​​​​​​​​​​​​​​​​​​​​​​​​​​​​​​​​​​​​​​​​​​​​​​​​​​​​​​​​​​​​​​​​​​​​​​​​​​​​​​​​​​​​​​​​​​​​​​​​​​​​​​​​​​​​​​​​​​​​​​​​​​​​​​​​​​​​​​​​​​​​​​​​​​​​​​​​​​​​​​​​​​​​​​​​​​​​​​​​​​​​​​​​​​​​​​​​​​​​​​​​​​​​​​​​​​​​​​​​​​​​​​​​​​​​​​​​​​​​​​​​​​​​​​​​​​​​​​​​​​​​​​​​​​​​​​​​​​​​​​​​​​​​​​​​​​​​​​​​​​​​​​​​​​​​​​​​​​​​​​​​​​​​​​​​​​​​​​​​​​​​​​​​​​​​​​​​​​​​​​​​​​​"
hf-bnb-nf4bit,422,66.72,6.32,"과학자가 불멸을 발견한다면 이것이 사회, 경제, 환경에 어떤 영향을 미칠 수 있을까요?","과학자가 불멸을 발견한다면 이것이 사회, 경제, 환경에 어떤 영향을 미칠 수 있을까요?​불멸을 발견한다면 사회, 경제, 환경에 어떤 영향을 미칠 수 있을까요?​불멸을 발견한다면 사회, 경제, 환경에 어떤 영향을 미칠 수 있을까요?​불멸을 발견한다면 사회, 경제, 환경에 어떤 영향을 미칠 수 있을까요?​불멸을 발견한다면 사회, 경제, 환경에 어떤 영향을 미칠 수 있을까요?​불멸을 발견한다면 사회, 경제, 환경에 어떤 영향을 미칠 수 있을까요?​불멸을 발견한다면 사회, 경제, 환경에 어떤 영향을 미칠 수 있을까요?​불멸을 발견한다면 사회, 경제, 환경에 어떤 영향을 미칠 수 있을까요?​불멸을 발견한다면 사회, 경제, 환경에 어떤 영향을 미칠 수 있을까요?​불멸을 발견한다면 사회, 경제, 환경에 어떤 영향을 미칠 수 있을까요?​불멸을 발견한다면 사회, 경제, 환경에 어떤 영향을 미칠 수 있을까요?​불멸을 발견한다면 사회, 경제, 환경에 어떤 영향을 미칠 수 있을까요?​불멸을 발견한다면 사회, 경제, 환경에 어떤 영향을 미칠 수 있을까요?​불멸을 발견한다면 사회, 경제, 환경에 어떤 영향을 미칠 수 있을까요?​불멸을 발견한다면 사회, 경제, 환경에 어떤 영향을 미칠 수 있을까요?​불멸을 발견한다면 사회, 경제, 환경에 어떤 영향을 미칠 수 있을까요?​불멸을 발견한다면 사회, 경제, 환경에 어떤 영향을 미칠 수 있을까요?​불멸을 발견한다면 사회, 경제, 환경에 어떤 영향을 미칠 수 있을까요?​불멸을 발견한다면 사회, 경제, 환경에 어떤 영향을 미칠 수 있을까요?​불멸을 발견한다면 사회, 경제, 환경에 어떤 영향을 미칠 수 있을까요?​불멸을 발견한다면 사회, 경제, 환경에 어떤 영향을 미칠 수 있을까요?​불멸을 발견한다면 사회, 경제, 환경에 어떤 영향을 미칠 수 있을까요?​"
exllama-gptq-4bit,411,7.9,52.04,대한민국의 총 면적은 얼마인가요?,"<s> 대한민국의 총 면적은 얼마인가요? 10만 제곱킬로미터입니다. ​대한민국의 인구는 몇 명인가요? 약 5천만 명입니다. ​대한민국은 어떤 나라인가요? 대한민국(Republic of Korea)은 동아시아에 있는 나라로, 수도는 서울이며 공용어는 한국어이다. ​대한민국은 어디에서 유래했나요? 대한민국은 고대 국가인 고구려와 백제, 신라로부터 유래했다. ​대한민국의 정치 체제는 무엇인가요? 대한민국은 대통령 중심제의 민주주의를 채택하고 있다. ​대한민국의 경제는 어떻게 되나요? 대한민국은 제조업과 서비스업이 주요 산업으로, 수출과 수입 모두 활발하다. ​대한민국의 역사적 사건은 무엇인가요? 대한민국에는 일제 강점기, 6·25 전쟁, 경제 발전 등 다양한 역사가 있다. ​대한민국의 문화는 어떤가요? 대한민국은 전통적으로 유교와 불교가 혼합된 문화를 가지고 있으며, 현대에는 서양 문화도 널리 퍼져있다. ​대한민국의 스포츠는 무엇인가요? 대한민국은 축구, 야구, 농구 등의 인기 스포츠를 보유하고 있다. ​대한민국의 자연 환경은 어떠하나요? 대한민국은 산악 지형과 해안선이 어우러진 풍경을 자랑하며, 다양한 기후대를 가지고 있다. ​대한민국의 교육 시스템은 어떻게 되나요? 대한민국은 의무교육 제도를 도입하여 국민들의 교육을 지원하고 있다. ​대한민국의 사회 문제로는 무엇이 있나요? 대한민국은 고령화, 실업률 증가, 빈부 격차 확대 등의 문제를 겪고 있다. ​대한민국의 대외 관계는 어떻게 되나요? 대한민국은 미국, 중국, 일본 등과 외교 관계를 맺고 있으며, 세계 무대에서도 영향력을 확대하고 있다. ​대한민국의 경제 전망은 어떻습니까? 대한민국은 지속적인 성장세를 유지할 것으로 예상되며, 혁신적인 기술과 글로벌 시장 진출로 새로운 기회를 모색하고 있다. ​대한민국은 어떠한 도전을 직면하고 있나요? 대한민국은 인구 감소, 노동력 부족, 소득 불평등 심화"
exllama-gptq-4bit,412,7.86,52.4,어느 대륙에 대한민국이 위치하고 있나요?,"<s> 어느 대륙에 대한민국이 위치하고 있나요? 지도에서 확인하세요! 안녕하세요, 글로벌 교육 플랫폼 마이셀럽입니다. 오늘은 대한민국의 위치를 알아보려고 합니다. 대한민국은 아시아의 동쪽 끝에 위치한 섬나라로 북위 33도~43도에 걸쳐 있습니다. 동경 124도~132도에 걸쳐 있는 우리나라를 살펴볼까요? 지구본을 들고 한반도를 찾아봅시다. 한반도와 주변 국가들, 바다와 산맥까지 한눈에 들어옵니다. 그럼 지도로도 대한민국과 그 주변 지역을 확인해 볼까요? 마이셀럽은 구글맵을 사용하여 대한민국과 주변 국가를 표시했습니다. 먼저 대한민국입니다. 대한민국이라는 이름은 '한반도'라는 뜻으로 고구려 시대의 옛 이름인 '마한'에서 유래했다고 해요. 이 작은 반도는 남북으로 길게 뻗어 있으며, 동쪽으로는 일본 열도와 마주보고 있고 서쪽으로는 중국 대륙과 맞닿아 있습니다. 다음은 북한입니다. 북한은 한반도의 절반 이상을 차지하며 남한과는 휴전선을 사이에 두고 대치 중이에요. 휴전선은 북한과 중국을 가르는 경계선 역할을 하고 있습니다. 마지막으로 중국은 동북아시아에 위치한 거대한 나라로, 몽골과 러시아와의 국경을 접하고 있어요. 중국의 남동부에는 베트남이 자리 잡고 있는데, 중국과 베트남 사이에는 해협이 있어 양국을 연결하는 중요한 통로가 되고 있습니다. 이렇게 대한민국과 주변 국가들을 살펴봤습니다. 이제부터는 지도를 보며 각 국가의 주요 도시들과 주요 산맥 등을 함께 살펴보세요! 마이셀럽과 함께 세계 여러 나라의 위치와 특징을 알아보는 재미가 쏠쏠합니다. 더 많은 콘텐츠를 보고 싶다면 아래 링크를 클릭하세요! https://ww.mycelebrity.co.kr/ 마이셀럽 - 글로벌 교육 플랫폼 마이셀럽은 전 세계 다양한 분야의 유명 인사들의 강의를 제공하는 온라인 강의 서비스입니다. 마이셀럽에서는 다양한 분야의 전문가들이 들려주는 흥미로운 이야기를 통해 여러분들의 커리어를 발전시킬 수"
exllama-gptq-4bit,111,2.17,51.22,천문학에서 '좀비 별'이란 무엇인가요?,"<s> 천문학에서 '좀비 별'이란 무엇인가요?좀비별은 지구와 같은 항성계 내에서 태양과 함께 공전하는 행성이지만, 그 궤도가 이상하게도 비정상적으로 찌그러져 있는 경우를 말합니다. 좀비는 죽었지만 살아있는 것처럼 움직이는 시체라는 뜻으로, 이런 행성은 실제로 죽은 것이 아니라 어떤 이유로 인해 궤도가 비정상적인 상태로 바뀌어 버린 것입니다. 이러한 행성의 궤도는 중력에 의해 변형되거나 다른 행성에 의한 영향을 받아 형성될 수 있습니다.​</s>"
exllama-gptq-4bit,23,0.09,258.18,인류 역사상 가장 중요한 사건을 목격하려고 하는 시간 여행 역사학자에 대한 이야기를 써보세요.,<s> 인류 역사상 가장 중요한 사건을 목격하려고 하는 시간 여행 역사학자에 대한 이야기를 써보세요.</s>
exllama-gptq-4bit,115,2.01,57.13,전문 요원이자 전업 가정부인 사람의 하루를 묘사해주세요.,"<s> 전문 요원이자 전업 가정부인 사람의 하루를 묘사해주세요. ​요원은 주로 무기를 다루고, 가정부는 청소와 빨래 등 집안일을 담당합니다. 이 두 직업은 서로 다른 영역이지만 모두 전문성을 요구하며, 각각의 역할이 중요합니다. 요원의 경우 전투 중에는 무기 사용에 집중하고, 가정부의 경우 평소에는 가사일을 수행하다가도 긴급한 상황이 발생하면 요원을 지원하기도 합니다. 이처럼 각자의 분야에서 최선을 다하는 이들의 일상은 매우 바쁘고 복잡할 것입니다. ​</s>"
exllama-gptq-4bit,253,4.79,52.76,"기술의 발전, 환경 변화, 사회적 변화를 고려하여 미래 도시를 묘사해주세요.","<s> 기술의 발전, 환경 변화, 사회적 변화를 고려하여 미래 도시를 묘사해주세요.​미래 도시는 인공지능과 빅데이터 등 첨단 기술을 활용하여 효율적이고 편리한 생활을 영위할 수 있는 스마트시티로 진화할 것입니다. 자율주행차와 드론을 이용한 교통 시스템이 도입되어 이동에 소요되는 시간을 절약하고 에너지 소비를 줄일 수 있을 것입니다. 또한, 다양한 분야의 데이터를 수집 및 분석하여 맞춤형 서비스를 제공하고, 범죄 예방이나 재난 대응에도 활용할 수 있습니다. ​또한, 기후 변화에 대비하기 위해 친환경 에너지를 사용하거나 탄소 배출량을 감소시키는 노력도 이루어질 것입니다. 이에 따라 환경오염은 줄어들며, 거주자들은 쾌적한 생활 환경을 누릴 수 있게 될 것입니다. 더불어, 가상현실이나 증강현실을 활용한 교육, 의료, 엔터테인먼트 등의 서비스가 제공되어 삶의 질이 향상될 것으로 예상됩니다. ​사회적으로도 다양성과 포용성을 중시하는 문화가 정착되고, 개인의 인권과 권리를 존중하는 분위기가 조성될 것입니다. 이로 인해 다문화 가정이나 소수자와의 갈등을 해소하고, 사회 통합을 이루는 데 도움이 될 것입니다. 전반적으로 미래 도시는 보다 편리하고 안전하며 지속가능한 공간으로 발전해 나갈 것입니다.</s>"
exllama-gptq-4bit,357,7.98,44.75,"과학자가 불멸을 발견한다면 이것이 사회, 경제, 환경에 어떤 영향을 미칠 수 있을까요?","<s> 과학자가 불멸을 발견한다면 이것이 사회, 경제, 환경에 어떤 영향을 미칠 수 있을까요? 불멸이 가능해진다면 사람들이 늙지 않고 죽지 않는다면 어떻게 될까요? 이러한 생각을 바탕으로 소설을 써보세요.​불멸의 시대에서는 많은 변화가 일어날 것입니다. 우선 의료 분야에서 획기적인 발전이 이루어질 것으로 예상됩니다. 불멸은 인류가 더 오래 살고 질병으로부터 자유로워지는 것을 의미하기 때문입니다. 또한 교육 분야에서도 불멸이 가져올 변화는 매우 클 것입니다. 학교와 대학에서 학생들의 학습 기간과 시간이 크게 늘어날 것이며, 이를 통해 지식을 쌓고 기술을 습득하는 데 있어 보다 효과적이고 효율적인 방식이 개발될 것입니다. ​경제적으로는 소비 패턴이 바뀔 가능성이 높습니다. 노화하지 않는 사람들의 증가로 인해 의료 및 건강 관련 산업이 성장하고, 이에 따라 새로운 일자리 창출도 기대할 수 있습니다. 그러나 불멸이 만병통치약은 아니므로, 질병 치료나 예방을 위한 비용 지출이 늘어나면서 경제에 미치는 영향은 양면적으로 작용할 수도 있습니다. ​환경적 측면에서는 지구상의 인구 수가 급격히 늘어나는 것에 대한 우려가 제기되고 있습니다. 불멸한 사람들은 자원을 고갈시키고 환경을 오염시키는 활동에 더욱 적극적으로 참여할 가능성이 있으며, 이는 결국 생태계 파괴를 초래할 수 있습니다. 따라서 불멸 시대에 대비해 환경 보호와 지속가능성 증진을 위한 대책 마련이 시급합니다. ​전반적으로 불멸은 다양한 분야에 걸쳐 커다란 변화를 불러일으킬 것으로 예상되며, 그 여파는 예측 불가능할 정도로 광범위하게 퍼져나갈 것입니다. 하지만 불멸이 가져오는 혜택에도 불구하고, 환경과 자원 부족 등의 문제 역시 간과해서는 안 될 것입니다. ​</s>"
vllm-awq-4bit,408,7.3,55.89,대한민국의 총 면적은 얼마인가요?,"대한민국의 총 면적은 얼마인가요? 10만 제곱킬로미터입니다. 10만 제곱킬로미터는 10,00,00,00제곱미터입니다. 1제곱킬로미터는 1,00제곱미터입니다. 1제곱미터는 1,00제곱센티미터입니다. 1센티미터는 1,00마이크로미터입니다. 1마이크로미터는 1,00나노미터입니다. 1나노미터는 1,00피코미터입니다. 1피코미터는 1,00펨토미터입니다. 1펨토미터는 1,00펨토미터입니다. 1펨토미터는 1,00펨토미터입니다. 1펨토미터는 1,00펨토미터입니다. 1펨토미터는 1,00펨토미터입니다. 1펨토미터는 1,00펨토미터입니다. 1펨토미터는 1,00펨토미터입니다. 1펨토미터는 1,00펨토미터입니다. 1펨토미터는 1,00펨토미터입니다. 1펨토미터는 1,00펨토미터입니다. 1펨토미터는 1,00펨토미터입니다. 1펨토미터는 1,00펨토미터입니다. 1펨토미터는 1,00펨토미터입니다. 1펨토미터는 1,00펨토미터입니다. 1펨토미터는 1,00펨토미터입니다. 1펨토미터는 1,00펨토미터입니다. 1펨토미터는 1,00펨토미터입니다. 1펨토"
vllm-awq-4bit,410,7.33,55.9,어느 대륙에 대한민국이 위치하고 있나요?,어느 대륙에 대한민국이 위치하고 있나요? 1. 아시아 2. 유럽 3. 아프리카 4. 오세아니아 5. 북아메리카 6. 남아메리카 7. 남극 8. 북극 9. 태평양 10. 대서양 11. 인도양 12. 황해 13. 동중국해 14. 남중국해 15. 발트해 16. 흑해 17. 카리브해 18. 지중해 19. 인도양 20. 태평양 21. 대서양 22. 황해 23. 동중국해 24. 남중국해 25. 발트해 26. 흑해 27. 카리브해 28. 지중해 29. 인도양 30. 태평양 31. 대서양 32. 황해 33. 동중국해 34. 남중국해 35. 발트해 36. 흑해 37. 카리브해 38. 지중해 39. 인도양 40. 태평양 41. 대서양 42. 황해 43. 동중국해 44. 남중국해 45. 발트해 46. 흑해 47. 카리브해 48. 지중해 49. 인도양 50. 태평양 51. 대서양 52. 황해 53. 동중국해 54. 남중국해 55. 발트해 56. 흑해 57. 카리브해 58. 지중해 59. 인도양 60. 태평양 61. 대서양 62. 황해
vllm-awq-4bit,190,3.08,61.61,천문학에서 '좀비 별'이란 무엇인가요?,"천문학에서 '좀비 별'이란 무엇인가요?좀비 별은 죽은 별을 말합니다. 죽은 별은 더 이상 빛을 내지 못하기 때문에 더 이상 별이 아닙니다. 하지만 죽은 별의 잔해는 여전히 우주 공간에 남아 있습니다. 죽은 별의 잔해는 우주 공간을 떠돌며 다른 별이나 행성과 충돌할 수 있습니다. 이 충돌로 인해 죽은 별의 잔해는 다른 별이나 행성에 영향을 미칠 수 있습니다. 예를 들어, 죽은 별의 잔해가 지구와 충돌하면 지구의 대기에 영향을 미칠 수 있습니다. 또한, 죽은 별의 잔해가 태양과 충돌하면 태양의 활동에 영향을 미칠 수 있습니다. 따라서, 죽은 별의 잔해는 우주 공간에서 '좀비'와 같은 존재로 여겨집니다. 즉, 죽은 별의 잔해는 더 이상 별이 아니지만 여전히 우주 공간에 존재하며 다른 별이나 행성에 영향을 미칠 수 있는 존재입니다."
vllm-awq-4bit,419,7.4,56.61,인류 역사상 가장 중요한 사건을 목격하려고 하는 시간 여행 역사학자에 대한 이야기를 써보세요.,"인류 역사상 가장 중요한 사건을 목격하려고 하는 시간 여행 역사학자에 대한 이야기를 써보세요. 이 역사학자는 시간 여행을 통해 인류 역사상 가장 중요한 사건을 목격하려고 합니다. 이 역사학자는 인류 역사상 가장 중요한 사건이 무엇이라고 생각하며, 그 사건을 목격하기 위해 어떤 노력을 기울이고 있을까요? 이 역사학자는 인류 역사상 가장 중요한 사건을 목격하기 위해 시간 여행을 통해 과거로 돌아갈 것입니다. 이 역사학자는 인류 역사상 가장 중요한 사건이 무엇이라고 생각하며, 그 사건을 목격하기 위해 시간 여행을 통해 과거로 돌아갈 것입니다. 이 역사학자는 인류 역사상 가장 중요한 사건이 무엇이라고 생각하며, 그 사건을 목격하기 위해 시간 여행을 통해 과거로 돌아갈 것입니다. 이 역사학자는 인류 역사상 가장 중요한 사건이 무엇이라고 생각하며, 그 사건을 목격하기 위해 시간 여행을 통해 과거로 돌아갈 것입니다. 이 역사학자는 인류 역사상 가장 중요한 사건이 무엇이라고 생각하며, 그 사건을 목격하기 위해 시간 여행을 통해 과거로 돌아갈 것입니다. 이 역사학자는 인류 역사상 가장 중요한 사건이 무엇이라고 생각하며, 그 사건을 목격하기 위해 시간 여행을 통해 과거로 돌아갈 것입니다. 이 역사학자는 인류 역사상 가장 중요한 사건이 무엇이라고 생각하며, 그 사건을 목격하기 위해 시간 여행을 통해 과거로 돌아갈 것입니다. 이 역사학자는 인류 역사상 가장 중요한 사건이 무엇이라고 생각하며, 그 사건을 목격하기 위해 시간 여행을 통해 과거로 돌아갈 것입니다. 이 역사학자는 인류 역사상 가장 중요한 사건이 무엇이라고 생각하며, 그 사건을 목격하기 위해 시간 여행을 통해 과거로 돌아갈 것입니다. 이 역사학자는 인류 역사상 가장 중요한 사건이 무엇이라고 생각하며, 그 사건을 목격하기 위해 시간 여행을 통해 과거로 돌아갈 것입니다. 이 역사학자는 인류 역사상 가장 중요한 사건이 무엇이라고 생각하며, 그 사건을 목격하기 위해 시간 여행을 통해 과거로 돌아갈 것입니다. 이 역사학자는 인류 역사상 가장 중요한 사건이 무엇이라고 생각하며, 그 사건을 목격하기 위해 시간 여행을 통해 과거로 돌아갈 것입니다. 이 역사학자는 인류 역사상 가장 중요한 사건이 무엇이라고 생각하며, 그 사건을"
vllm-awq-4bit,417,7.51,55.55,전문 요원이자 전업 가정부인 사람의 하루를 묘사해주세요.,전문 요원이자 전업 가정부인 사람의 하루를 묘사해주세요.​​​​​​​​​​​​​​​​​​​​​​​​​​​​​​​​​​​​​​​​​​​​​​​​​​​​​​​​​​​​​​​​​​​​​​​​​​​​​​​​​​​​​​​​​​​​​​​​​​​​​​​​​​​​​​​​​​​​​​​​​​​​​​​​​​​​​​​​​​​​​​​​​​​​​​​​​​​​​​​​​​​​​​​​​​​​​​​​​​​​​​​​​​​​​​​​​​​​​​​​​​​​​​​​​​​​​​​​​​​​​​​​​​​​​​​​​​​​​​​​​​​​​​​​​​​​​​​​​​​​​​​​​​​​​​​​​​​​​​​​​​​​​​​​​​​​​​​​​​​​​​​​​​​​​​​​​​​​​​​​​​​​​​​​​​​​​​​​​​​​​​​​​​​​​​​​​​​​​​​​​​​​​​​​​​​​​​​​​​​​​​​​​​​​​​​​​​​​​​​​
vllm-awq-4bit,419,7.52,55.7,"기술의 발전, 환경 변화, 사회적 변화를 고려하여 미래 도시를 묘사해주세요.","기술의 발전, 환경 변화, 사회적 변화를 고려하여 미래 도시를 묘사해주세요. 미래 도시는 어떤 모습일까요?​​​​​​​​​​​​​​​​​​​​​​​​​​​​​​​​​​​​​​​​​​​​​​​​​​​​​​​​​​​​​​​​​​​​​​​​​​​​​​​​​​​​​​​​​​​​​​​​​​​​​​​​​​​​​​​​​​​​​​​​​​​​​​​​​​​​​​​​​​​​​​​​​​​​​​​​​​​​​​​​​​​​​​​​​​​​​​​​​​​​​​​​​​​​​​​​​​​​​​​​​​​​​​​​​​​​​​​​​​​​​​​​​​​​​​​​​​​​​​​​​​​​​​​​​​​​​​​​​​​​​​​​​​​​​​​​​​​​​​​​​​​​​​​​​​​​​​​​​​​​​​​​​​​​​​​​​​​​​​​​​​​​​​​​​​​​​​​​​​​​​​​​​​​​​​​​​​​​​​​​​​​​​​​​​​​​​​​​​​​​​​​​​​​​​​​​"
vllm-awq-4bit,422,7.3,57.79,"과학자가 불멸을 발견한다면 이것이 사회, 경제, 환경에 어떤 영향을 미칠 수 있을까요?","과학자가 불멸을 발견한다면 이것이 사회, 경제, 환경에 어떤 영향을 미칠 수 있을까요?​불멸을 발견한다면 사회, 경제, 환경에 어떤 영향을 미칠 수 있을까요? 불멸을 발견한다면 사회, 경제, 환경에 어떤 영향을 미칠 수 있을까요? 불멸을 발견한다면 사회, 경제, 환경에 어떤 영향을 미칠 수 있을까요? 불멸을 발견한다면 사회, 경제, 환경에 어떤 영향을 미칠 수 있을까요? 불멸을 발견한다면 사회, 경제, 환경에 어떤 영향을 미칠 수 있을까요? 불멸을 발견한다면 사회, 경제, 환경에 어떤 영향을 미칠 수 있을까요? 불멸을 발견한다면 사회, 경제, 환경에 어떤 영향을 미칠 수 있을까요? 불멸을 발견한다면 사회, 경제, 환경에 어떤 영향을 미칠 수 있을까요? 불멸을 발견한다면 사회, 경제, 환경에 어떤 영향을 미칠 수 있을까요? 불멸을 발견한다면 사회, 경제, 환경에 어떤 영향을 미칠 수 있을까요? 불멸을 발견한다면 사회, 경제, 환경에 어떤 영향을 미칠 수 있을까요? 불멸을 발견한다면 사회, 경제, 환경에 어떤 영향을 미칠 수 있을까요? 불멸을 발견한다면 사회, 경제, 환경에 어떤 영향을 미칠 수 있을까요? 불멸을 발견한다면 사회, 경제, 환경에 어떤 영향을 미칠 수 있을까요? 불멸을 발견한다면 사회, 경제, 환경에 어떤 영향을 미칠 수 있을까요? 불멸을 발견한다면 사회, 경제, 환경에 어떤 영향을 미칠 수 있을까요? 불멸을 발견한다면 사회, 경제, 환경에 어떤 영향을 미칠 수 있을까요? 불멸을 발견한다면 사회, 경제, 환경에 어떤 영향을 미칠 수 있을까요? 불멸을 발견한다면 사회, 경제, 환경에 어떤 영향을 미칠 수 있을까요? 불멸을 발견한다면 사회, 경제, 환경에 어떤 영향을 미칠 수 있을까요? 불멸을 발견한다면 사회, 경제, 환경에 어떤 영향을 미칠 수 있을까요? 불멸을 발견한다면 사회, 경제, 환경에 어떤 영향을 미칠 수 있을까요? 불멸을"
vllm-16bit,408,10.88,37.49,대한민국의 총 면적은 얼마인가요?,"대한민국의 총 면적은 얼마인가요?대한민국의 총 면적은 100,210 제곱킬로미터로 세계에서 109번째로 큰 나라입니다.대한민국의 총 면적은 100,210 제곱킬로미터로 세계에서 109번째로 큰 나라입니다.대한민국의 총 면적은 100,210 제곱킬로미터로 세계에서 109번째로 큰 나라입니다.대한민국의 총 면적은 100,210 제곱킬로미터로 세계에서 109번째로 큰 나라입니다.대한민국의 총 면적은 100,210 제곱킬로미터로 세계에서 109번째로 큰 나라입니다.대한민국의 총 면적은 100,210 제곱킬로미터로 세계에서 109번째로 큰 나라입니다.대한민국의 총 면적은 100,210 제곱킬로미터로 세계에서 109번째로 큰 나라입니다.대한민국의 총 면적은 100,210 제곱킬로미터로 세계에서 109번째로 큰 나라입니다.대한민국의 총 면적은 100,210 제곱킬로미터로 세계에서 109번째로 큰 나라입니다.대한민국의 총 면적은 100,210 제곱킬로미터로 세계에서 109번째로 큰 나라입니다.대한민국의 총 면적은 100,210 제곱킬로미터로 세계에서 109번째로 큰 나라입니다.대한민국의 총 면적은 100,210 제곱킬로미터로 세계에서 109번째로 큰 나라입니다.대한민국의 총 면적은 100,210 제곱킬로미터로 세계에서 109번째로 큰 나라입니다.대한민국의 총 면적은 100,"
vllm-16bit,410,10.86,37.77,어느 대륙에 대한민국이 위치하고 있나요?,어느 대륙에 대한민국이 위치하고 있나요? 1. 아시아 2. 유럽 3. 아프리카 4. 오세아니아 5. 북아메리카 6. 남아메리카 7. 남극 8. 북극 9. 태평양 10. 대서양 11. 인도양 12. 황해 13. 동해 14. 서해 15. 남중국해 16. 동중국해 17. 발트해 18. 흑해 19. 지중해 20. 카리브해 21. 멕시코만 22. 페르시아만 23. 홍해 24. 아라비아해 25. 인도양 26. 남중국해 27. 동중국해 28. 발트해 29. 흑해 30. 지중해 31. 카리브해 32. 멕시코만 33. 페르시아만 34. 홍해 35. 아라비아해 36. 인도양 37. 남중국해 38. 동중국해 39. 발트해 40. 흑해 41. 지중해 42. 카리브해 43. 멕시코만 44. 페르시아만 45. 홍해 46. 아라비아해 47. 인도양 48. 남중국해 49. 동중국해 50. 발트해 51. 흑해 52. 지중해 53. 카리브해 54. 멕시코만 55. 페르시아만 56. 홍해 57. 아라비아해 58. 인도양 59. 남중국해 60. 동중국해 61. 발트해
vllm-16bit,390,10.87,35.89,천문학에서 '좀비 별'이란 무엇인가요?,천문학에서 '좀비 별'이란 무엇인가요?좀비 별은 죽은 별을 말합니다. 죽은 별은 더 이상 빛을 내지 못하기 때문에 죽은 별로 불립니다. 죽은 별은 더 이상 빛을 내지 못하기 때문에 죽은 별로 불립니다. 죽은 별은 더 이상 빛을 내지 못하기 때문에 죽은 별로 불립니다. 죽은 별은 더 이상 빛을 내지 못하기 때문에 죽은 별로 불립니다. 죽은 별은 더 이상 빛을 내지 못하기 때문에 죽은 별로 불립니다. 죽은 별은 더 이상 빛을 내지 못하기 때문에 죽은 별로 불립니다. 죽은 별은 더 이상 빛을 내지 못하기 때문에 죽은 별로 불립니다. 죽은 별은 더 이상 빛을 내지 못하기 때문에 죽은 별로 불립니다. 죽은 별은 더 이상 빛을 내지 못하기 때문에 죽은 별로 불립니다. 죽은 별은 더 이상 빛을 내지 못하기 때문에 죽은 별로 불립니다. 죽은 별은 더 이상 빛을 내지 못하기 때문에 죽은 별로 불립니다. 죽은 별은 더 이상 빛을 내지 못하기 때문에 죽은 별로 불립니다. 죽은 별은 더 이상 빛을 내지 못하기 때문에 죽은 별로 불립니다. 죽은 별은 더 이상 빛을 내지 못하기 때문에 죽은 별로 불립니다. 죽은 별은 더 이상 빛을 내지 못하기 때문에 죽은 별로 불립니다. 죽은 별은 더 이상 빛을 내지 못하기 때문에 죽은 별로 불립니다. 죽은 별은 더 이상 빛을 내지 못하기 때문에 죽은 별로 불립니다. 죽은 별은 더 이상 빛을 내지 못하기 때문에 죽은 별로 불립니다. 죽은 별은 더 이상 빛을 내지 못하기 때문에 죽은 별로 불립니다. 죽은 별은 더 이상 빛을 내지 못하기 때문에 죽은 별로 불립니다. 죽은 별은 더 이상 빛을 내지 못하기 때문에 죽은 별로 불립니다. 죽은 별은 더 이상 빛을 내지 못하기 때문에 죽은 별로 불립니다. 죽은 별은 더 이상 빛을 내지 못하기 때문에 죽은 별로 불립니다
vllm-16bit,19,1.0,18.96,인류 역사상 가장 중요한 사건을 목격하려고 하는 시간 여행 역사학자에 대한 이야기를 써보세요.,인류 역사상 가장 중요한 사건을 목격하려고 하는 시간 여행 역사학자에 대한 이야기를 써보세요..
vllm-16bit,417,11.09,37.6,전문 요원이자 전업 가정부인 사람의 하루를 묘사해주세요.,전문 요원이자 전업 가정부인 사람의 하루를 묘사해주세요.​​​​​​​​​​​​​​​​​​​​​​​​​​​​​​​​​​​​​​​​​​​​​​​​​​​​​​​​​​​​​​​​​​​​​​​​​​​​​​​​​​​​​​​​​​​​​​​​​​​​​​​​​​​​​​​​​​​​​​​​​​​​​​​​​​​​​​​​​​​​​​​​​​​​​​​​​​​​​​​​​​​​​​​​​​​​​​​​​​​​​​​​​​​​​​​​​​​​​​​​​​​​​​​​​​​​​​​​​​​​​​​​​​​​​​​​​​​​​​​​​​​​​​​​​​​​​​​​​​​​​​​​​​​​​​​​​​​​​​​​​​​​​​​​​​​​​​​​​​​​​​​​​​​​​​​​​​​​​​​​​​​​​​​​​​​​​​​​​​​​​​​​​​​​​​​​​​​​​​​​​​​​​​​​​​​​​​​​​​​​​​​​​​​​​​​​​​​​​​​​
vllm-16bit,419,10.91,38.39,"기술의 발전, 환경 변화, 사회적 변화를 고려하여 미래 도시를 묘사해주세요.","기술의 발전, 환경 변화, 사회적 변화를 고려하여 미래 도시를 묘사해주세요.​​​​​​​​​​​​​​​​​​​​​​​​​​​​​​​​​​​​​​​​​​​​​​​​​​​​​​​​​​​​​​​​​​​​​​​​​​​​​​​​​​​​​​​​​​​​​​​​​​​​​​​​​​​​​​​​​​​​​​​​​​​​​​​​​​​​​​​​​​​​​​​​​​​​​​​​​​​​​​​​​​​​​​​​​​​​​​​​​​​​​​​​​​​​​​​​​​​​​​​​​​​​​​​​​​​​​​​​​​​​​​​​​​​​​​​​​​​​​​​​​​​​​​​​​​​​​​​​​​​​​​​​​​​​​​​​​​​​​​​​​​​​​​​​​​​​​​​​​​​​​​​​​​​​​​​​​​​​​​​​​​​​​​​​​​​​​​​​​​​​​​​​​​​​​​​​​​​​​​​​​​​​​​​​​​​​​​​​​​​​​​​​​​​​​​​​​​​​​​​​"
vllm-16bit,422,10.98,38.43,"과학자가 불멸을 발견한다면 이것이 사회, 경제, 환경에 어떤 영향을 미칠 수 있을까요?","과학자가 불멸을 발견한다면 이것이 사회, 경제, 환경에 어떤 영향을 미칠 수 있을까요?​불멸을 발견한다면 사회, 경제, 환경에 어떤 영향을 미칠 수 있을까요?​불멸을 발견한다면 사회, 경제, 환경에 어떤 영향을 미칠 수 있을까요?​불멸을 발견한다면 사회, 경제, 환경에 어떤 영향을 미칠 수 있을까요?​불멸을 발견한다면 사회, 경제, 환경에 어떤 영향을 미칠 수 있을까요?​불멸을 발견한다면 사회, 경제, 환경에 어떤 영향을 미칠 수 있을까요?​불멸을 발견한다면 사회, 경제, 환경에 어떤 영향을 미칠 수 있을까요?​불멸을 발견한다면 사회, 경제, 환경에 어떤 영향을 미칠 수 있을까요?​불멸을 발견한다면 사회, 경제, 환경에 어떤 영향을 미칠 수 있을까요?​불멸을 발견한다면 사회, 경제, 환경에 어떤 영향을 미칠 수 있을까요?​불멸을 발견한다면 사회, 경제, 환경에 어떤 영향을 미칠 수 있을까요?​불멸을 발견한다면 사회, 경제, 환경에 어떤 영향을 미칠 수 있을까요?​불멸을 발견한다면 사회, 경제, 환경에 어떤 영향을 미칠 수 있을까요?​불멸을 발견한다면 사회, 경제, 환경에 어떤 영향을 미칠 수 있을까요?​불멸을 발견한다면 사회, 경제, 환경에 어떤 영향을 미칠 수 있을까요?​불멸을 발견한다면 사회, 경제, 환경에 어떤 영향을 미칠 수 있을까요?​불멸을 발견한다면 사회, 경제, 환경에 어떤 영향을 미칠 수 있을까요?​불멸을 발견한다면 사회, 경제, 환경에 어떤 영향을 미칠 수 있을까요?​불멸을 발견한다면 사회, 경제, 환경에 어떤 영향을 미칠 수 있을까요?​불멸을 발견한다면 사회, 경제, 환경에 어떤 영향을 미칠 수 있을까요?​불멸을 발견한다면 사회, 경제, 환경에 어떤 영향을 미칠 수 있을까요?​불멸을 발견한다면 사회, 경제, 환경에 어떤 영향을 미칠 수 있을까요?​"
